,City,Temperature,Humidity,Cloudiness,Wind Speed,Latitude,Longitude
0,Puerto Ayora,295.38,61,20,6.2,-0.74,-90.35
1,Bāglung,292.83,76,18,1.09,28.27,83.59
2,New Norfolk,280.37,87,35,0.45,-42.78,147.06
3,Kalutara,299.15,94,40,1.5,6.58,79.96
4,Udachny,272.15,100,90,7.0,66.42,112.4
5,Atkarsk,284.73,43,76,3.24,51.87,45.01
6,Maposeni,294.82,62,53,1.73,-10.58,35.4
7,Les Cayes,303.44,64,4,2.67,18.2,-73.75
8,Bambous Virieux,296.31,83,75,3.6,-20.34,57.76
9,Garissa,302.13,55,37,9.19,-0.45,39.64
10,Rikitea,296.94,79,3,2.84,-23.12,-134.97
11,Arraial do Cabo,300.01,78,2,5.1,-22.97,-42.03
12,Vila Velha,301.81,70,5,9.3,-20.33,-40.29
13,Lagoa,293.51,88,96,8.96,39.05,-27.98
14,Morón,294.71,37,0,3.6,-34.65,-58.62
15,Cabo San Lucas,305.72,58,5,2.1,22.89,-109.91
16,Fortuna,298.17,31,20,3.1,40.6,-124.16
17,Maun,303.15,16,0,4.1,-19.98,23.42
18,Tasiilaq,275.15,80,100,6.2,65.61,-37.64
19,Chokurdakh,278.26,75,87,3.07,70.63,147.92
20,Norman Wells,279.15,93,90,6.7,65.28,-126.83
21,Cabo Rojo,304.72,66,4,2.68,18.09,-67.15
22,Husavik,279.15,60,95,4.6,66.04,-17.34
23,Jamestown,297.21,56,75,8.7,42.1,-79.24
24,Punta Arenas,278.92,52,40,10.3,-53.15,-70.92
25,Umeå,282.9,100,90,0.5,63.83,20.26
26,Edson,293.15,37,40,6.7,53.58,-116.44
27,Nakło nad Notecią,286.17,76,64,3.6,53.14,17.6
28,Walvis Bay,287.64,58,0,2.6,-22.96,14.51
29,Dolores,291.47,47,3,6.1,-36.31,-57.68
30,Hilo,294.93,61,1,2.6,19.73,-155.09
31,Mossamedes,293.15,82,85,5.7,-15.2,12.15
32,Tura,296.49,94,20,0.99,25.52,90.22
33,Ushuaia,275.15,69,40,7.7,-54.8,-68.3
34,Viedma,297.04,32,16,1.79,-40.81,-63.0
35,Kaitangata,274.26,83,45,7.15,-46.28,169.85
36,Meschede,284.82,75,69,1.7,51.35,8.28
37,Pacific Grove,292.48,50,1,1.59,36.62,-121.92
38,Berlevåg,278.15,93,77,2.1,70.86,29.09
39,Mahébourg,296.15,83,75,3.6,-20.41,57.7
40,Carnarvon,291.15,82,0,5.1,-24.87,113.63
41,Glamsbjerg,285.87,93,83,2.1,55.27,10.1
42,Butaritari,300.85,70,88,6.19,3.07,172.79
43,Bluff,273.15,86,85,11.62,-46.6,168.33
44,Albany,297.87,73,94,0.89,42.6,-73.97
45,Vardø,282.15,93,75,9.8,70.37,31.11
46,Tuktoyaktuk,275.15,93,90,3.1,69.45,-133.04
47,Chui,290.96,58,13,5.4,-33.7,-53.46
48,East London,286.15,76,18,2.1,-33.02,27.91
49,Ilulissat,273.15,90,40,1.5,69.22,-51.1
50,Cape Town,285.34,76,40,2.1,-33.93,18.42
51,Saint Anthony,285.18,62,90,6.2,45.02,-93.22
52,Kenai,282.0,81,40,3.1,60.55,-151.26
53,Alofi,297.15,94,25,2.6,-19.06,-169.92
54,Motozintla,305.15,59,40,1.5,15.37,-92.23
55,Hofn,281.15,87,75,1.5,64.25,-15.21
56,Hasaki,290.01,93,20,4.1,35.73,140.83
57,Qaanaaq,263.33,80,0,3.86,77.48,-69.36
58,Hermanus,284.82,91,11,4.71,-34.42,19.23
59,Mataura,273.15,86,100,11.62,-46.19,168.86
60,Los Llanos de Aridane,295.1,53,20,9.3,28.66,-17.92
61,Bredasdorp,285.15,76,0,3.6,-34.53,20.04
62,Kapaa,299.11,74,75,6.2,22.08,-159.32
63,Punta Alta,294.48,29,0,5.11,-38.88,-62.07
64,São Filipe,300.46,79,45,4.57,14.9,-24.5
65,Thompson,279.15,87,90,3.1,55.74,-97.86
66,Bourail,293.01,88,100,5.46,-21.57,165.48
67,Saint Paul Harbor,282.15,70,90,4.6,57.79,-152.41
68,Dzhebariki-Khaya,281.35,91,100,1.76,62.22,135.8
69,Pampierstad,283.95,33,0,3.65,-27.78,24.69
70,Lienz,279.74,87,75,2.3,46.83,12.77
71,Castro,298.91,60,96,6.34,-24.79,-50.01
72,Pevek,274.79,85,0,5.47,69.7,170.31
73,Inhambane,298.15,88,40,2.6,-23.86,35.38
74,Faanui,298.85,79,13,8.26,-16.48,-151.75
75,Dawlatabad,285.43,39,71,1.8,36.41,64.91
76,Sungai Penuh,291.78,91,84,1.28,-2.08,101.38
77,Wichian Buri,298.12,90,100,1.55,15.66,101.11
78,Bud,285.7,100,90,1.5,39.45,-86.18
79,Saint-Philippe,295.06,78,75,1.5,-21.36,55.77
80,Avarua,296.15,78,80,3.1,-21.21,-159.78
81,Barrow,272.15,86,75,4.1,71.29,-156.79
82,Westport,298.12,69,1,4.1,41.14,-73.36
83,Arica,291.69,68,9,5.1,-18.48,-70.3
84,Dikson,275.98,96,100,11.04,73.51,80.55
85,Hobart,280.72,87,90,0.5,-42.88,147.33
86,Torbay,292.62,82,75,10.3,47.67,-52.73
87,Tonkino,283.08,71,53,2.33,57.37,46.46
88,Marsh Harbour,301.95,70,72,3.81,26.54,-77.06
89,Alice Springs,298.15,12,20,8.7,-23.7,133.88
90,Kununurra,298.15,69,40,3.6,-15.77,128.73
91,Orekhovo,291.6,67,82,0.89,45.13,33.63
92,Alikovo,284.15,43,84,2.0,55.74,46.75
93,Atuona,298.65,72,2,6.83,-9.8,-139.03
94,Ponta do Sol,294.54,68,40,5.7,32.67,-17.1
95,Vanimo,298.4,82,92,2.06,-2.67,141.3
96,Vaini,295.15,94,40,2.1,-21.2,-175.2
97,Carlsbad,299.59,65,1,4.6,33.16,-117.35
98,Busselton,284.56,82,86,5.88,-33.65,115.33
99,Yellowknife,282.85,81,40,5.7,62.46,-114.35
100,Karratha,295.42,26,29,7.27,-20.74,116.85
101,Kaseda-shirakame,293.56,74,21,3.03,31.42,130.32
102,Vila Franca do Campo,295.15,83,40,6.7,37.72,-25.43
103,Toamasina,294.15,94,40,0.65,-18.17,49.38
104,Katsuura,293.23,77,75,6.2,35.13,140.3
105,Hong Kong,299.47,88,91,6.35,22.29,114.16
106,Maralal,292.43,57,47,6.06,1.1,36.7
107,Hīt,304.18,16,0,5.44,33.64,42.83
108,Yambio,294.14,94,100,0.37,4.57,28.4
109,La Ronge,284.15,71,90,7.2,55.1,-105.28
110,Kungurtug,272.35,83,14,0.46,50.6,97.52
111,Boddam,286.1,82,75,1.5,57.47,-1.78
112,Nemuro,286.81,80,0,6.64,43.32,145.57
113,Acapulco de Juárez,304.15,62,75,3.6,16.86,-99.89
114,Cidreira,292.39,61,48,5.52,-30.18,-50.21
115,Ballina,285.11,87,75,2.6,-28.87,153.57
116,Ubari,305.35,12,1,4.66,26.59,12.78
117,Brunsbüttel,285.16,90,98,3.21,53.9,9.15
118,Ambulu,297.0,86,17,1.57,-8.35,113.61
119,Saldanha,287.15,71,3,4.6,-33.01,17.94
120,Āreka,289.4,83,68,1.28,7.07,37.7
121,Korla,289.69,31,67,1.99,41.76,86.15
122,Novobirilyussy,280.37,82,56,3.21,56.95,90.67
123,Tuatapere,273.15,86,97,11.62,-46.13,167.68
124,Kendari,297.23,91,100,1.32,-3.94,122.5
125,Lebu,284.5,72,100,4.57,-37.62,-73.65
126,Haines Junction,279.14,77,85,5.03,60.75,-137.51
127,Kwinana,283.83,100,17,3.58,-32.25,115.77
128,Upernavik,271.02,95,98,5.66,72.79,-56.15
129,Severo-Kuril'sk,283.41,88,97,9.39,50.68,156.12
130,Manacapuru,305.15,62,75,2.6,-3.3,-60.62
131,Esperance,284.15,100,90,2.6,-33.87,121.9
132,Zemio,294.82,95,70,1.47,5.03,25.14
133,Pundaguitan,301.89,71,49,2.15,6.37,126.17
134,Iqaluit,269.98,86,90,4.1,63.75,-68.51
135,Goya,297.01,33,0,2.48,-29.14,-59.26
136,Codrington,277.69,93,69,4.23,-38.27,141.97
137,Katobu,296.62,90,83,1.8,-4.94,122.53
138,Yulara,292.15,88,40,5.7,-25.24,130.99
139,Raton,282.15,31,90,3.1,36.9,-104.44
140,San Cristobal,309.15,32,20,7.2,7.77,-72.22
141,Khatanga,272.33,96,100,5.95,71.97,102.5
142,Kilindoni,298.29,82,99,6.05,-7.91,39.67
143,Provideniya,274.04,86,100,2.27,64.38,-173.3
144,Hamilton,293.94,83,90,9.3,39.18,-84.53
145,Jega,303.4,52,0,2.59,12.22,4.38
146,Faya,297.66,10,70,3.1,18.39,42.45
147,Bilibino,271.81,92,94,0.51,68.05,166.44
148,Nabire,296.71,87,100,2.33,-3.37,135.48
149,Hithadhoo,301.81,70,36,4.23,-0.6,73.08
150,Acajutla,302.59,55,40,2.1,13.59,-89.83
151,Puławy,286.85,10,100,4.09,51.42,21.97
152,Bariloche,286.15,30,75,3.6,-41.15,-71.31
153,Klaksvík,283.15,87,5,3.6,62.23,-6.59
154,Conceição do Araguaia,312.39,18,23,3.15,-8.26,-49.26
155,Clyde River,272.15,86,75,7.7,70.47,-68.59
156,Bara,297.2,84,57,1.89,10.37,10.73
157,Beloha,294.5,80,0,2.2,-25.17,45.05
158,Bandiagara,297.15,88,40,2.1,14.35,-3.61
159,Vågåmo,283.98,80,58,2.79,61.88,9.1
160,Leningradskiy,273.0,90,93,1.89,69.38,178.42
161,Nāyudupet,300.59,73,43,1.78,13.9,79.9
162,Bagdarin,272.89,95,4,1.14,54.43,113.6
163,Waingapu,299.41,67,18,2.46,-9.66,120.26
164,Blairmore,286.25,36,74,17.5,49.6,-114.44
165,Kahului,298.21,61,20,2.6,20.89,-156.47
166,Östersund,282.15,100,100,4.6,63.18,14.64
167,Rawson,293.55,25,41,7.68,-43.3,-65.1
168,Kiryat Gat,299.65,73,0,2.05,31.61,34.76
169,Kalmunai,299.86,83,100,3.58,7.42,81.82
170,Port Elizabeth,287.15,67,0,4.6,-33.92,25.57
171,Zyryanka,278.81,76,81,3.04,65.75,150.85
172,Chu,282.02,49,62,3.77,43.6,73.76
173,Nakamura,290.39,75,100,1.52,32.98,132.93
174,Jijiang,292.31,94,100,0.45,29.29,106.25
175,San Patricio,306.15,75,40,4.1,19.22,-104.7
176,Kruisfontein,285.93,68,0,0.45,-34.0,24.73
177,Te Anau,270.25,95,81,1.3,-45.42,167.72
178,Mar del Plata,289.15,59,35,5.7,-38.0,-57.56
179,Bathsheba,302.15,74,75,7.7,13.22,-59.52
180,Talnakh,272.15,100,75,6.0,69.49,88.4
181,St. George's,297.15,94,75,2.1,12.06,-61.75
182,Halifax,295.18,89,61,1.79,44.65,-63.57
183,Killarney,285.15,81,20,1.5,52.05,-9.52
184,Camacupa,295.01,60,91,2.97,-12.02,17.48
185,Bubaque,301.03,71,56,2.88,11.28,-15.83
186,Port Alfred,286.95,63,0,3.58,-33.59,26.89
187,Māngrol,299.83,76,32,3.41,21.12,70.12
188,Beringovskiy,276.65,72,94,2.93,63.05,179.32
189,Atar,307.71,22,0,5.16,20.52,-13.05
190,Aquidauana,310.51,30,18,3.05,-20.47,-55.79
191,Rauma,285.15,93,4,0.5,61.13,21.51
192,Tulagi,300.64,78,75,9.47,-9.1,160.15
193,Saint George,298.15,14,1,5.7,37.1,-113.58
194,Sawākin,304.68,51,63,3.35,19.11,37.33
195,Shingū,293.2,84,100,2.87,33.73,135.98
196,Tarauacá,308.99,35,92,1.44,-8.16,-70.77
197,Umluj,303.31,55,0,1.6,25.02,37.27
198,Jumla,285.31,64,0,1.65,29.27,82.18
199,Surgut,274.15,100,0,3.0,61.25,73.42
200,Oriximiná,309.15,34,20,3.81,-1.77,-55.87
201,Impfondo,294.6,97,100,1.98,1.64,18.07
202,Kapit,296.96,85,100,0.64,2.02,112.93
203,Anloga,299.15,83,20,5.1,5.79,0.9
204,Nikolskoye,284.25,81,40,3.0,59.7,30.79
205,Kodinsk,279.67,83,100,2.35,58.69,99.18
206,Basak,296.41,85,83,0.52,6.73,124.15
207,Kuusankoski,286.02,82,100,4.1,60.91,26.62
208,Saskylakh,272.4,97,100,8.63,71.92,114.08
209,Boa Vista,308.15,41,75,3.1,2.82,-60.67
210,Nsoko,285.15,93,100,5.1,-27.03,31.95
211,Bethel,296.62,69,75,4.6,41.37,-73.41
212,Mocajuba,305.98,49,95,1.56,-2.58,-49.51
213,Shelburne,298.15,61,75,8.7,44.08,-80.2
214,George Town,298.15,94,20,2.1,5.41,100.34
215,Russell,302.4,58,75,2.1,32.35,-85.2
216,Coquimbo,288.15,72,75,7.2,-29.95,-71.34
217,Narsaq,278.15,35,5,2.1,60.92,-46.05
218,Kavaratti,300.51,79,100,3.8,10.57,72.64
219,Cayenne,305.15,59,82,7.2,4.93,-52.33
220,Geraldton,283.15,93,0,1.5,-28.77,114.6
221,Palmer,298.79,54,75,5.1,42.16,-72.33
222,Cobija,302.15,70,75,5.1,-11.03,-68.77
223,Kamiiso,285.51,82,0,2.38,41.82,140.65
224,Merauke,298.92,83,100,6.82,-8.47,140.33
225,Egvekinot,271.76,90,6,1.24,66.32,-179.17
226,Bantou,292.09,89,73,0.7,26.22,117.49
227,San Buenaventura,293.71,43,82,1.79,27.08,-101.53
228,Chichibu,290.02,82,90,3.1,35.99,139.08
229,Vilhena,305.15,43,75,2.1,-12.74,-60.15
230,Lompoc,292.27,77,40,2.6,34.64,-120.46
231,Okhotsk,281.44,78,100,3.67,59.38,143.3
232,Severnoye,282.05,93,100,6.08,56.35,78.36
233,Rocha,288.31,63,0,6.51,-34.48,-54.33
234,Nanortalik,275.58,75,0,6.7,60.14,-45.24
235,Sterling,298.39,65,75,5.7,39.01,-77.43
236,Lorengau,300.11,78,99,3.3,-2.02,147.27
237,Grindavik,279.15,75,75,3.6,63.84,-22.43
238,Bengkulu,297.43,90,19,3.68,-3.8,102.27
239,Saint-Pierre,294.71,78,75,1.5,-21.34,55.48
240,San Vicente,298.26,27,0,1.89,-26.62,-54.13
241,Bedelē,285.86,100,48,1.51,8.46,36.35
242,Kamenka,284.4,43,21,4.33,51.32,42.77
243,Srednekolymsk,278.38,67,0,1.75,67.45,153.68
244,Bouza,309.07,21,98,1.23,14.42,6.04
245,Haverfordwest,288.16,100,78,3.1,51.8,-4.97
246,Bom Jesus,312.78,13,0,3.1,-9.07,-44.36
247,Salisbury,288.58,93,99,2.1,51.07,-1.8
248,Severodvinsk,283.15,93,23,3.0,64.56,39.83
249,Beşikdüzü,297.15,83,75,2.6,41.05,39.23
250,Saint Simons,299.62,94,75,2.6,31.14,-81.39
251,Laguna,303.25,16,1,4.6,38.42,-121.42
252,Axum,290.25,51,100,2.0,14.12,38.72
253,Derby,288.15,77,20,2.1,52.92,-1.48
254,Totness,303.09,66,1,5.75,5.88,-56.32
255,Maragogi,298.96,78,0,5.07,-9.01,-35.22
256,Ushtobe,278.94,64,83,3.95,45.25,77.98
257,Ahipara,287.09,75,3,7.68,-35.17,173.17
258,Port Lincoln,289.06,42,100,6.13,-34.73,135.87
259,Siyabuswa,292.84,59,0,6.29,-25.11,29.04
260,Oni,289.03,61,95,1.71,42.58,43.44
261,Broken Hill,285.15,54,100,4.6,-31.95,141.43
262,Wanning,300.0,85,100,1.26,18.8,110.4
263,Port Hedland,293.15,94,100,3.1,-20.32,118.57
264,Neftçala,292.78,46,0,2.95,39.37,49.25
265,Salekhard,276.25,88,70,3.28,66.53,66.6
266,Inírida,302.66,71,100,0.69,3.87,-67.92
267,Batasan,300.43,73,11,1.78,12.77,120.78
268,Kumul,290.52,27,100,1.42,42.8,93.45
269,Qaqortoq,278.15,35,5,2.1,60.72,-46.03
270,Sinnamary,302.24,67,46,6.14,5.38,-52.95
271,Thunder Bay,285.76,76,90,4.6,48.4,-89.32
272,Grand Gaube,296.48,77,58,3.13,-20.01,57.66
273,Tiksi,272.53,93,0,9.08,71.69,128.87
274,Saint-Augustin,295.47,63,48,8.58,51.23,-58.65
275,Aksay,292.15,34,92,9.0,47.26,39.87
276,Xihe,294.37,83,100,1.05,31.69,113.47
277,Rovaniemi,283.15,100,90,2.6,66.5,25.72
278,Palembang,297.13,92,17,1.41,-2.92,104.75
279,Vostok,280.57,100,100,1.32,46.49,135.88
280,Cheyenne,284.46,25,40,6.2,41.14,-104.82
281,Ishigaki,299.58,77,96,6.91,24.34,124.16
282,Kualakapuas,296.15,100,59,2.6,-3.01,114.39
283,Marawi,296.48,92,99,0.89,8.0,124.29
284,Kadnikov,281.97,77,100,2.82,59.5,40.34
285,Paamiut,275.84,76,0,9.94,61.99,-49.67
286,Dābhol,296.88,90,100,1.8,17.6,73.17
287,Valley Station,288.39,87,90,6.2,38.11,-85.87
288,Kalat,289.6,30,0,1.32,29.02,66.59
289,Eyl,298.55,81,0,6.08,7.98,49.82
290,Barybino,283.47,76,90,3.0,55.27,37.89
291,Lüderitz,288.09,54,0,12.0,-26.65,15.16
292,Souris,284.76,62,75,7.2,49.62,-100.26
293,Wilmington,299.2,57,20,4.1,34.23,-77.94
294,Vestmanna,283.15,87,0,3.6,62.16,-7.17
295,Chimbote,292.41,69,7,4.85,-9.09,-78.58
296,Kavieng,300.25,75,99,2.62,-2.57,150.8
297,Sibolga,298.21,77,100,1.28,1.74,98.78
298,Kakhovka,291.0,46,83,3.6,46.81,33.49
299,Puerto Carreño,305.15,55,40,1.0,6.19,-67.49
300,Isangel,292.15,100,40,2.97,-19.55,169.27
301,Hosdurga,294.36,91,97,4.32,13.8,76.29
302,Azángaro,284.15,43,75,8.7,-14.92,-70.22
303,Savannah Bight,302.3,78,0,6.55,16.45,-85.85
304,Zelenoborskiy,282.01,94,67,1.88,66.84,32.36
305,Omboué,297.36,72,79,3.06,-1.57,9.26
306,Upington,288.15,14,0,2.6,-28.45,21.26
307,Zhangye,287.67,53,0,2.08,38.93,100.45
308,Bang Saphan,297.31,92,100,3.14,11.21,99.51
309,Richmond,300.68,58,75,5.1,37.55,-77.46
310,Cedar Lake,286.51,82,90,6.2,41.36,-87.44
311,Ipanema,293.48,52,75,7.7,-30.14,-51.22
312,Veinticinco de Mayo,293.82,45,0,3.12,-35.43,-60.17
313,Ribeira Grande,295.15,78,40,5.7,38.52,-28.7
314,Shetpe,286.05,37,0,4.6,44.17,52.12
315,Awjilah,306.04,16,0,3.73,29.11,21.29
316,Antofagasta,289.15,72,75,6.7,-23.65,-70.4
317,Benxi,285.15,93,90,2.0,41.29,123.77
318,Tupik,273.2,95,0,1.51,54.43,119.93
319,Embonas,299.11,74,20,1.6,36.23,27.86
320,Pimentel,295.15,60,12,6.7,-6.84,-79.93
321,Deputatsky,274.23,94,98,0.94,69.3,139.9
322,Oruzgan,284.29,36,0,1.6,32.83,66.0
323,Noril'sk,272.15,100,75,6.0,69.35,88.2
324,Marquette,284.82,88,100,1.34,46.53,-87.63
325,Sheboygan,288.31,67,75,3.6,43.73,-87.93
326,Florianópolis,293.4,77,75,5.7,-27.61,-48.5
327,Avera,298.76,61,90,2.1,33.19,-82.53
328,Guerrero Negro,302.04,41,0,5.4,27.98,-114.06
329,Bell Ville,299.82,19,0,0.45,-32.63,-62.69
330,Philadelphia,299.91,65,40,3.6,39.95,-75.16
331,El Carrizo,306.48,74,58,2.68,24.03,-106.88
332,Kangasala,284.32,87,27,2.1,61.46,24.08
333,Pisco,292.1,77,90,4.6,-13.7,-76.22
334,Desert Hot Springs,305.66,10,1,1.5,33.96,-116.5
335,Nkayi,300.23,62,100,3.94,-4.18,13.29
336,Shache,287.94,34,100,2.77,38.42,77.24
337,Katangli,282.39,85,100,5.83,51.71,143.23
338,Eureka,298.76,39,75,2.6,40.8,-124.16
339,Rønne,287.15,71,0,2.6,55.1,14.71
340,Longyearbyen,277.15,86,75,3.6,78.22,15.64
341,Fes,302.15,30,0,2.6,34.04,-5.0
342,Road Town,303.92,66,75,4.6,18.42,-64.62
343,Villa Constitución,299.1,22,0,2.1,-33.23,-60.33
344,Barstow,303.87,11,1,2.6,34.9,-117.02
345,Tilichiki,275.46,89,59,1.63,60.47,166.1
346,Nome,272.99,86,1,1.5,64.5,-165.41
347,Mokhotlong,276.28,72,8,2.44,-29.29,29.07
348,Oistins,302.15,74,75,7.7,13.07,-59.53
349,Tutóia,301.06,72,0,6.94,-2.76,-42.27
350,La Grande,286.68,54,1,1.21,45.32,-118.09
351,Mana,302.55,68,0,6.39,5.66,-53.78
352,Jalu,305.46,17,0,3.07,29.03,21.55
353,Hambantota,299.15,100,40,2.6,6.12,81.12
354,Chipinge,292.17,81,37,2.14,-20.19,32.62
355,Clarence Town,278.53,86,0,0.68,-32.58,151.78
356,Uchiza,304.39,47,57,1.68,-8.46,-76.46
357,Glasgow,284.04,81,3,3.1,55.87,-4.26
358,Basco,301.46,81,100,8.06,20.45,121.97
359,Krasnyy Oktyabr',283.01,70,50,3.53,56.12,38.88
360,Woodland,304.52,11,1,7.2,38.68,-121.77
361,Dwārka,300.67,72,0,4.47,22.24,68.97
362,Sitka,285.15,81,75,4.6,57.05,-135.33
363,Itoman,296.63,74,40,2.6,26.12,127.67
364,Yaan,297.63,90,100,1.51,7.38,8.57
365,North Bend,296.98,39,1,4.6,43.41,-124.22
366,Portage,296.96,53,40,2.1,41.17,-81.2
367,Aykhal,272.15,100,90,7.0,66.0,111.5
368,San Quintín,300.05,47,0,4.68,30.48,-115.95
369,Safi,294.11,80,11,8.07,32.3,-9.24
370,Tommerup,285.89,93,99,2.1,55.32,10.21
371,Locri,293.76,68,20,2.6,38.24,16.26
372,Fuerte Olimpo,305.24,33,0,3.29,-21.04,-57.87
373,Vao,292.86,87,100,10.65,-22.67,167.48
374,Mazagão,307.15,59,20,6.2,-0.12,-51.29
375,Abéché,295.6,79,100,7.48,13.83,20.83
376,Kyren,275.54,75,1,1.17,51.68,102.14
377,Alugan,298.63,86,12,1.28,12.22,125.48
378,Man,296.61,88,1,1.2,7.41,-7.55
379,Burnie,281.48,85,61,3.58,-41.07,145.92
380,El'brus,281.41,60,31,0.73,43.26,42.64
381,Inyonga,294.79,69,21,2.29,-6.72,32.07
382,Broome,297.99,60,40,5.1,42.25,-75.83
383,Mukhen,282.97,92,100,3.48,48.1,136.1
384,Isiro,293.13,98,17,0.19,2.77,27.62
385,Richards Bay,289.88,88,100,3.21,-28.78,32.04
386,Christchurch,274.97,69,100,5.1,-43.53,172.63
387,Porto Walter,308.89,34,89,1.66,-8.27,-72.74
388,Banda Aceh,299.79,75,99,4.67,5.56,95.32
389,Tessalit,307.98,10,80,3.33,20.2,1.01
390,Oparino,281.46,92,0,1.89,59.85,48.28
391,Ostrovnoy,282.78,88,77,7.51,68.05,39.51
392,Norton Shores,287.23,82,90,4.6,43.17,-86.26
393,Kayes,306.15,66,20,3.1,14.0,-11.0
394,Esmeraldas,309.12,20,0,2.6,-19.76,-44.31
395,Ulladulla,282.9,87,90,0.95,-35.35,150.47
396,Severnyy-Kospashskiy,279.26,90,85,1.67,59.09,57.8
397,Namatanai,298.79,81,99,1.93,-3.67,152.43
398,Coyhaique,285.15,54,75,4.1,-45.58,-72.07
399,Morro Bay,299.72,71,34,1.19,35.37,-120.85
400,Portland,294.19,59,1,3.1,45.52,-122.68
401,Caravelas,300.89,61,0,5.35,-17.71,-39.25
402,Aswān,307.13,13,0,4.76,24.09,32.91
403,‘Ewa Beach,299.25,69,40,2.1,21.32,-158.01
404,The Valley,303.83,66,20,7.7,18.22,-63.06
405,Belaya Gora,277.14,81,36,1.8,68.53,146.42
406,Yerbogachën,280.2,80,100,6.1,61.28,108.01
407,Fatezh,288.92,59,75,5.0,52.09,35.86
408,Nara,291.0,67,81,0.98,34.69,135.8
409,Korba,298.24,75,26,1.47,22.35,82.68
410,Leticia,300.15,88,75,1.5,-4.22,-69.94
411,Oyama,291.48,87,20,3.1,36.3,139.8
412,Tucumcari,288.15,28,90,7.7,35.17,-103.72
413,Flinders,285.79,80,50,0.45,-34.58,150.86
414,Cusuna,305.54,53,0,4.91,15.85,-85.23
415,Vanavara,275.96,87,100,2.97,60.34,102.28
416,El Sauzal de Rodríguez,300.25,45,0,2.96,31.9,-116.68
417,Okha,282.61,85,90,7.47,53.57,142.95
418,Saint-Marc-des-Carrieres,296.5,75,100,0.45,46.68,-72.05
419,Bella Union,293.82,43,0,2.36,-30.28,-57.6
420,Valparaíso,290.27,59,100,3.1,-33.04,-71.63
421,Isla Mujeres,304.98,62,75,5.1,21.23,-86.73
422,Chulym,282.28,88,100,4.78,55.1,80.96
423,Chesma,282.11,88,0,3.25,53.81,60.65
424,Bhag,305.24,18,0,3.02,29.04,67.82
425,Cap Malheureux,296.48,77,72,3.13,-19.98,57.61
426,Sayyan,291.03,29,100,1.33,15.17,44.32
427,Linxia Chengguanzhen,286.51,64,100,0.88,35.6,103.21
428,Golden Gate,305.01,79,40,4.6,26.19,-81.7
429,Isla Vista,299.34,53,1,2.1,34.41,-119.86
430,Linqing,293.74,53,100,2.6,36.85,115.71
431,Khorol,289.29,49,100,4.04,49.78,33.28
432,Mehamn,278.15,93,100,2.1,71.04,27.85
433,Kholtoson,273.68,88,73,1.16,50.3,103.31
434,Chicama,295.95,54,5,4.85,-7.84,-79.15
435,Riyadh,305.15,21,0,3.1,24.69,46.72
436,Všetaty,283.0,100,90,2.6,50.28,14.59
437,São Miguel do Araguaia,312.26,13,100,2.25,-13.28,-50.16
438,Bose,287.79,61,1,3.13,45.46,8.01
439,Banjar,300.15,100,40,3.6,-8.19,114.97
440,Ballarat,277.1,85,100,1.76,-37.57,143.85
441,Bogoslovka,285.37,40,17,2.77,53.21,44.8
442,Los Algarrobos,299.83,66,40,4.6,8.5,-82.43
443,Ancud,285.37,85,100,1.34,-41.87,-73.82
444,Ossora,277.65,86,100,1.07,59.24,163.07
445,Tshikapa,296.71,86,100,2.12,-6.42,20.8
446,Zaysan,279.23,69,92,2.39,47.47,84.87
447,Saint-Joseph,294.69,78,75,1.5,-21.37,55.62
448,Xining,283.89,67,99,1.46,36.62,101.77
449,Victor Harbor,283.15,85,100,5.48,-35.57,138.62
450,Stokmarknes,285.94,87,75,1.5,68.56,14.91
451,Araouane,311.19,12,0,2.21,18.9,-3.53
452,Murud,298.22,86,58,1.88,18.33,72.97
453,San Jerónimo,288.8,47,70,2.9,-11.95,-75.28
454,Taltal,289.32,61,22,2.48,-25.4,-70.48
455,Zhangjiakou,285.96,58,100,3.81,40.81,114.88
456,Ous,279.3,69,100,1.65,60.91,61.52
457,Forsytheganj,284.13,68,93,2.06,52.63,29.73
458,Kalāleh,291.15,72,40,4.1,37.38,55.49
459,Presidencia Roque Sáenz Peña,300.64,22,0,3.19,-26.79,-60.44
460,Port Moresby,298.15,88,75,1.5,-9.44,147.18
461,Lavrentiya,273.48,90,100,2.3,65.58,-171.0
462,Cherskiy,276.59,75,57,6.31,68.75,161.3
463,Bandarbeyla,298.36,83,0,8.56,9.49,50.81
464,Dzerzhinsk,286.04,50,100,2.0,56.24,43.46
465,Alenquer,306.15,59,20,3.6,-1.94,-54.74
466,Umm Hājar,300.27,63,100,10.03,13.3,19.7
467,Tombouctou,310.72,10,0,1.78,20.0,-3.0
468,Caucayá,308.11,37,37,1.86,-0.19,-74.78
469,Tocopilla,292.5,50,21,3.02,-22.09,-70.2
470,Tomatlán,307.58,57,91,1.16,19.93,-105.25
471,Tibú,307.44,46,0,2.14,8.64,-72.74
472,Matara,299.12,86,78,4.19,5.95,80.54
473,Władysławowo,285.57,81,71,3.1,54.79,18.4
474,Olafsvik,277.48,90,100,4.6,64.89,-23.71
475,Tianpeng,293.71,26,85,0.47,30.99,103.94
476,Savé,299.07,76,68,0.68,8.04,2.49
477,Pierre,288.84,38,75,11.8,44.37,-100.35
478,Balagansk,276.83,83,54,1.56,54.01,103.05
479,Kisangani,298.15,88,40,1.41,0.52,25.2
480,Great Falls,291.32,24,1,7.7,47.5,-111.3
481,Saint-Raphaël,303.09,56,39,2.25,19.43,-72.2
482,Mozelos,291.74,68,100,2.1,41.87,-8.4
483,Luba,299.15,88,40,4.6,3.46,8.55
484,Mae Chan,298.15,100,20,1.5,20.15,99.85
485,Lewistown,301.03,48,20,4.6,40.6,-77.57
486,Dno,285.16,91,89,3.01,57.83,29.96
487,Viļāni,285.56,97,100,2.25,56.55,26.92
488,Pinega,283.01,93,67,2.22,64.7,43.39
489,Adrar,308.62,17,0,2.18,20.5,-10.07
490,Talcahuano,286.15,66,100,6.2,-36.72,-73.12
491,Vryheid,284.03,87,100,2.19,-27.77,30.79
492,Severobaykal'sk,276.99,79,30,1.8,55.65,109.32
493,Sumenep,299.8,77,7,2.88,-7.02,113.87
494,Juneau,283.15,86,94,3.0,58.3,-134.42
495,Virginia Beach,300.2,58,20,5.7,36.85,-75.98
496,San Francisco del Mar Viejo,302.22,73,9,3.05,16.23,-94.65
497,Balingasay,301.52,75,100,2.62,16.36,119.86
498,Biak,296.77,80,41,2.1,-0.91,122.88
499,Taseyevo,277.81,89,98,2.1,57.22,94.9
